{"cameraMode":{"drawMode":0,"name":"Shaded","section":"Shading Mode"},"sceneLighting":true,"audioPlay":false,"sceneViewState":{"showFog":true,"showMaterialUpdate":false,"showSkybox":true,"showFlares":true,"showImageEffects":true,"showParticleSystems":true},"in2DMode":false,"pivot":{"x":0.024006260558962823,"y":3.1030561923980715,"z":-0.4892238974571228},"rotation":{"x":-0.016807081177830697,"y":-0.011401129886507988,"z":0.0001930582511704415,"w":-0.9998019933700562},"size":2.7051751613616945,"orthographic":false}